[
{
    "model": "cart.client",
    "pk": 1,
    "fields": {
        "nom": "Paez",
        "prenom": "Paola",
        "tel": "50242121721"
    }
},
{
    "model": "cart.client",
    "pk": 2,
    "fields": {
        "nom": "Cruz",
        "prenom": "Julio",
        "tel": "50252050501"
    }
},
{
    "model": "cart.client",
    "pk": 3,
    "fields": {
        "nom": "Chiu",
        "prenom": "Luc\u00eda",
        "tel": null
    }
},
{
    "model": "cart.client",
    "pk": 4,
    "fields": {
        "nom": "Oliver",
        "prenom": "Mart\u00ednez",
        "tel": null
    }
},
{
    "model": "cart.client",
    "pk": 5,
    "fields": {
        "nom": "Feliza",
        "prenom": "Mart\u00ednez",
        "tel": null
    }
},
{
    "model": "cart.client",
    "pk": 6,
    "fields": {
        "nom": "Ada",
        "prenom": "M\u00f3ntufar",
        "tel": null
    }
},
{
    "model": "cart.client",
    "pk": 7,
    "fields": {
        "nom": "Lisbeth",
        "prenom": "de L\u00f3pez",
        "tel": null
    }
},
{
    "model": "cart.client",
    "pk": 8,
    "fields": {
        "nom": "Blanca",
        "prenom": "Torres",
        "tel": null
    }
},
{
    "model": "cart.client",
    "pk": 9,
    "fields": {
        "nom": "Hilda",
        "prenom": "Cremer\u00eda",
        "tel": null
    }
},
{
    "model": "cart.client",
    "pk": 10,
    "fields": {
        "nom": "Cayal\u00e1",
        "prenom": "Cayal\u00e1",
        "tel": null
    }
},
{
    "model": "cart.client",
    "pk": 11,
    "fields": {
        "nom": "Tienda",
        "prenom": "Tienda",
        "tel": null
    }
},
{
    "model": "cart.vente",
    "pk": 3,
    "fields": {
        "date": "2018-02-23T03:34:28Z",
        "montant": "300",
        "client": null,
        "reglement_termine": true
    }
},
{
    "model": "cart.vente",
    "pk": 4,
    "fields": {
        "date": "2018-02-23T03:38:17Z",
        "montant": "300",
        "client": null,
        "reglement_termine": true
    }
},
{
    "model": "cart.vente",
    "pk": 5,
    "fields": {
        "date": "2018-02-23T04:03:04Z",
        "montant": "75",
        "client": null,
        "reglement_termine": true
    }
},
{
    "model": "cart.vente",
    "pk": 7,
    "fields": {
        "date": "2018-02-26T01:52:23Z",
        "montant": "100",
        "client": 4,
        "reglement_termine": true
    }
},
{
    "model": "cart.vente",
    "pk": 9,
    "fields": {
        "date": "2018-02-26T02:09:48Z",
        "montant": "40",
        "client": 4,
        "reglement_termine": true
    }
},
{
    "model": "cart.vente",
    "pk": 10,
    "fields": {
        "date": "2018-02-26T02:11:30Z",
        "montant": "40",
        "client": 4,
        "reglement_termine": true
    }
},
{
    "model": "cart.vente",
    "pk": 11,
    "fields": {
        "date": "2018-02-26T02:12:57Z",
        "montant": "275",
        "client": 3,
        "reglement_termine": true
    }
},
{
    "model": "cart.vente",
    "pk": 12,
    "fields": {
        "date": "2018-02-26T02:16:52Z",
        "montant": "50",
        "client": 8,
        "reglement_termine": true
    }
},
{
    "model": "cart.vente",
    "pk": 13,
    "fields": {
        "date": "2018-02-26T02:20:27Z",
        "montant": "40",
        "client": 4,
        "reglement_termine": true
    }
},
{
    "model": "cart.vente",
    "pk": 14,
    "fields": {
        "date": "2018-02-26T02:22:23Z",
        "montant": "60",
        "client": 9,
        "reglement_termine": true
    }
},
{
    "model": "cart.vente",
    "pk": 15,
    "fields": {
        "date": "2018-02-26T02:26:18Z",
        "montant": "125",
        "client": null,
        "reglement_termine": true
    }
},
{
    "model": "cart.vente",
    "pk": 16,
    "fields": {
        "date": "2018-02-26T02:27:35Z",
        "montant": "40",
        "client": 4,
        "reglement_termine": true
    }
},
{
    "model": "cart.vente",
    "pk": 17,
    "fields": {
        "date": "2018-02-26T02:29:49Z",
        "montant": "300",
        "client": 10,
        "reglement_termine": true
    }
},
{
    "model": "cart.vente",
    "pk": 18,
    "fields": {
        "date": "2018-02-26T02:31:41Z",
        "montant": "100",
        "client": 11,
        "reglement_termine": true
    }
},
{
    "model": "cart.vente",
    "pk": 19,
    "fields": {
        "date": "2018-02-26T02:32:54Z",
        "montant": "30",
        "client": 8,
        "reglement_termine": true
    }
},
{
    "model": "cart.vente",
    "pk": 20,
    "fields": {
        "date": "2018-02-25T06:00:00Z",
        "montant": "150",
        "client": 5,
        "reglement_termine": true
    }
},
{
    "model": "cart.paiement",
    "pk": 3,
    "fields": {
        "date": "2018-02-23T09:34:00Z",
        "montant": "300",
        "vente": 3
    }
},
{
    "model": "cart.paiement",
    "pk": 4,
    "fields": {
        "date": "2018-02-23T09:38:00Z",
        "montant": "300",
        "vente": 4
    }
},
{
    "model": "cart.paiement",
    "pk": 5,
    "fields": {
        "date": "2018-02-23T10:03:00Z",
        "montant": "75",
        "vente": 5
    }
},
{
    "model": "cart.paiement",
    "pk": 7,
    "fields": {
        "date": "2018-02-26T07:52:00Z",
        "montant": "100",
        "vente": 7
    }
},
{
    "model": "cart.paiement",
    "pk": 9,
    "fields": {
        "date": "2018-02-26T08:09:00Z",
        "montant": "40",
        "vente": 9
    }
},
{
    "model": "cart.paiement",
    "pk": 10,
    "fields": {
        "date": "2018-02-26T08:11:00Z",
        "montant": "40",
        "vente": 10
    }
},
{
    "model": "cart.paiement",
    "pk": 11,
    "fields": {
        "date": "2018-02-26T08:12:00Z",
        "montant": "275",
        "vente": 11
    }
},
{
    "model": "cart.paiement",
    "pk": 12,
    "fields": {
        "date": "2018-02-26T08:16:00Z",
        "montant": "50",
        "vente": 12
    }
},
{
    "model": "cart.paiement",
    "pk": 13,
    "fields": {
        "date": "2018-02-26T08:20:00Z",
        "montant": "40",
        "vente": 13
    }
},
{
    "model": "cart.paiement",
    "pk": 14,
    "fields": {
        "date": "2018-02-26T08:22:00Z",
        "montant": "60",
        "vente": 14
    }
},
{
    "model": "cart.paiement",
    "pk": 15,
    "fields": {
        "date": "2018-02-26T08:26:00Z",
        "montant": "125",
        "vente": 15
    }
},
{
    "model": "cart.paiement",
    "pk": 16,
    "fields": {
        "date": "2018-02-26T08:27:00Z",
        "montant": "40",
        "vente": 16
    }
},
{
    "model": "cart.paiement",
    "pk": 17,
    "fields": {
        "date": "2018-02-26T08:29:00Z",
        "montant": "300",
        "vente": 17
    }
},
{
    "model": "cart.paiement",
    "pk": 18,
    "fields": {
        "date": "2018-02-26T08:31:00Z",
        "montant": "100",
        "vente": 18
    }
},
{
    "model": "cart.paiement",
    "pk": 19,
    "fields": {
        "date": "2018-02-26T08:32:00Z",
        "montant": "30",
        "vente": 19
    }
},
{
    "model": "cart.paiement",
    "pk": 20,
    "fields": {
        "date": "2018-02-26T08:34:00Z",
        "montant": "150",
        "vente": 20
    }
},
{
    "model": "cart.cartitem",
    "pk": 7,
    "fields": {
        "cart_id": "HkOX#k7oiIIwqR2pndq0(JPeGx7!NME5tLf8MT4!yx#(@yWikF",
        "date_added": "2018-02-22T03:01:02.562Z",
        "quantity": 1,
        "article": 30,
        "prix": "25000",
        "vente": null,
        "cart_complete": false
    }
},
{
    "model": "cart.cartitem",
    "pk": 9,
    "fields": {
        "cart_id": "qDNJxfN)Bx$ZNoUv90xrXYWK(ajgJ6FeHs(1ECiWwpd4vLm6Y3",
        "date_added": "2018-02-23T03:33:25.021Z",
        "quantity": 1,
        "article": 113,
        "prix": "300",
        "vente": 3,
        "cart_complete": true
    }
},
{
    "model": "cart.cartitem",
    "pk": 10,
    "fields": {
        "cart_id": "jzO5ex9(E^(rc@FMxP@LTFd(WfhAByj23koDu$6aNx5tvqRL7)",
        "date_added": "2018-02-23T03:37:54.382Z",
        "quantity": 1,
        "article": 113,
        "prix": "300",
        "vente": 4,
        "cart_complete": true
    }
},
{
    "model": "cart.cartitem",
    "pk": 11,
    "fields": {
        "cart_id": "!O^DU*mRA1Qch**0T)UiVs(yce2^gsUZl90caWBR%zUK1nKL0h",
        "date_added": "2018-02-23T04:02:37.333Z",
        "quantity": 1,
        "article": 28,
        "prix": "75",
        "vente": 5,
        "cart_complete": true
    }
},
{
    "model": "cart.cartitem",
    "pk": 14,
    "fields": {
        "cart_id": "Qw#$CWm$uRz)%Ctb^q@y#YFfYs8dBzUwJtq190d9GcU*r1fRYh",
        "date_added": "2018-02-23T12:42:10.125Z",
        "quantity": 2,
        "article": 102,
        "prix": "325",
        "vente": null,
        "cart_complete": false
    }
},
{
    "model": "cart.cartitem",
    "pk": 15,
    "fields": {
        "cart_id": "NSA^G%YfX$f*VU8lNHP&Ra9*wchlVMoTuRQZRIu0c!CCW6sh14",
        "date_added": "2018-02-23T12:53:21.494Z",
        "quantity": 3,
        "article": 40,
        "prix": "25000",
        "vente": null,
        "cart_complete": false
    }
},
{
    "model": "cart.cartitem",
    "pk": 17,
    "fields": {
        "cart_id": "PeXgdR^k&RuTMi6Vo%B9*!8m@eBRsPT#h8sO!cWOc(kQMtK3Hf",
        "date_added": "2018-02-26T01:47:04.128Z",
        "quantity": 1,
        "article": 224,
        "prix": "100",
        "vente": 7,
        "cart_complete": true
    }
},
{
    "model": "cart.cartitem",
    "pk": 19,
    "fields": {
        "cart_id": "cH(cjdF1ApeLcU(su!6R)JdjBd2Sr6lcKKsPtaF(*@aW*6SHx8",
        "date_added": "2018-02-26T02:09:09.338Z",
        "quantity": 1,
        "article": 27,
        "prix": "40",
        "vente": 9,
        "cart_complete": true
    }
},
{
    "model": "cart.cartitem",
    "pk": 20,
    "fields": {
        "cart_id": "db4qb8I%NxfSDC8Pkif4QW#iX6MT2tUui^DA^n&lH$kcUrmjUa",
        "date_added": "2018-02-26T02:11:03.208Z",
        "quantity": 1,
        "article": 34,
        "prix": "40",
        "vente": 10,
        "cart_complete": true
    }
},
{
    "model": "cart.cartitem",
    "pk": 21,
    "fields": {
        "cart_id": "wNwv5IvXptX3se)zXrRORQtu7Yt8UTG#LlWRffd%wC9WBJ&Eg#",
        "date_added": "2018-02-26T02:12:45.593Z",
        "quantity": 1,
        "article": 47,
        "prix": "275",
        "vente": 11,
        "cart_complete": true
    }
},
{
    "model": "cart.cartitem",
    "pk": 22,
    "fields": {
        "cart_id": "0Y@s!p5)S(dAdInZOhPAXsX(LolV()&jPMmHC%XC4zmp)9Awoh",
        "date_added": "2018-02-26T02:15:48.712Z",
        "quantity": 1,
        "article": 88,
        "prix": "50",
        "vente": 12,
        "cart_complete": true
    }
},
{
    "model": "cart.cartitem",
    "pk": 23,
    "fields": {
        "cart_id": "hWWVDTVbuRHffZ!WAFjImKVV8wuN5*zRB#yvH)MV90kGt*r#*B",
        "date_added": "2018-02-26T02:18:20.161Z",
        "quantity": 1,
        "article": 94,
        "prix": "40",
        "vente": 13,
        "cart_complete": true
    }
},
{
    "model": "cart.cartitem",
    "pk": 24,
    "fields": {
        "cart_id": "dOSZB#Y5$Q*Q6BpUjPncrsUJzbZ!bGTY63sc7zV^r$Z615fkn0",
        "date_added": "2018-02-26T02:21:18.582Z",
        "quantity": 1,
        "article": 29,
        "prix": "60",
        "vente": 14,
        "cart_complete": true
    }
},
{
    "model": "cart.cartitem",
    "pk": 25,
    "fields": {
        "cart_id": "v0y1Xn*(*H7^)oXOCai7qP3T8Mxbpb@NKZ!4Oak^Bqe&W47wVr",
        "date_added": "2018-02-26T02:26:05.408Z",
        "quantity": 1,
        "article": 30,
        "prix": "125",
        "vente": 15,
        "cart_complete": true
    }
},
{
    "model": "cart.cartitem",
    "pk": 26,
    "fields": {
        "cart_id": ")pcDG(3AAS0fHHWm1W)vaz655kxeQkr34Nm5KNkZq1Sb)6Vn$U",
        "date_added": "2018-02-26T02:27:25.991Z",
        "quantity": 1,
        "article": 158,
        "prix": "40",
        "vente": 16,
        "cart_complete": true
    }
},
{
    "model": "cart.cartitem",
    "pk": 27,
    "fields": {
        "cart_id": "ylpPOOf)oHRhoNRnOLzIo%0rZ5D%t#$Y4vzEzfAk#1duxjD5s*",
        "date_added": "2018-02-26T02:28:54.153Z",
        "quantity": 1,
        "article": 93,
        "prix": "300",
        "vente": 17,
        "cart_complete": true
    }
},
{
    "model": "cart.cartitem",
    "pk": 28,
    "fields": {
        "cart_id": "ve6VQ6(uy*t%D4NZ###4Riq2Z^$w5W7zDwaEP)eYMee6UQtW5V",
        "date_added": "2018-02-26T02:30:54.382Z",
        "quantity": 1,
        "article": 73,
        "prix": "100",
        "vente": 18,
        "cart_complete": true
    }
},
{
    "model": "cart.cartitem",
    "pk": 29,
    "fields": {
        "cart_id": "i^(#ECg$LsNaZd74!vB4DVo(vFykahmi(s&Yj5cqpx#tH6^&t#",
        "date_added": "2018-02-26T02:32:43.172Z",
        "quantity": 1,
        "article": 81,
        "prix": "30",
        "vente": 19,
        "cart_complete": true
    }
},
{
    "model": "cart.cartitem",
    "pk": 30,
    "fields": {
        "cart_id": "IJ66IEoZBQyceb4&oYocP$^XRirm2aDJ0PhyURHe4ffCX8#7E1",
        "date_added": "2018-02-26T02:34:25.774Z",
        "quantity": 1,
        "article": 110,
        "prix": "150",
        "vente": 20,
        "cart_complete": true
    }
}
]
